{
    "protect": false,
    "defaultAreaPrice": 5000,
    "welcome": "",
    "pvpAllow": true,
    "invenSave": false,
    "autoCreateAllow": false,
    "manualCreate": true,
    "areaHoldLimit": 4,
    "defaultAreaSize": [
        32,
        22
    ],
    "defaultFenceType": [
        139,
        1
    ],
    "manualCreateMinSize": 10,
    "manualCreateMaxSize": 500,
    "areaTax": 0,
    "pricePerBlock": 10,
    "manualCreateAllow": false,
    "isAllowAccessDeny": true,
    "isAllowAreaSizeUp": false,
    "isAllowAreaSizeDown": false,
    "isCountShareArea": false
}
